sku,_links_related_sku,_links_related_position,_links_crosssell_sku,_links_crosssell_position,_links_upsell_sku,_links_upsell_position,_links_variations_sku,_links_variations_position
,,,,,,,,
LC1917,LC2519,1,LGA25224,1,VSB241830-Richmond,1,LC2519,1
,,,,,,,,
,LC2522,2,LGB25224,2,,,LC2522,2
,,,,,,,,
,LC3122,3,LGBB25224,3,,,LC3122,3
,,,,,,,,
,LC3719,4,LGBU25224,4,,,LC3719,4
,,,,,,,,
,LC3722,5,LGT25224,5,,,LC3722,5
,,,,,,,,
,,,LGW25224,6,,,,
,,,,,,,,
LC2519,LC1917,1,LGA25224,1,VSB241830-Richmond,1,LC1917,1
,,,,,,,,
,LC2522,2,LGB25224,2,,,LC2522,2
,,,,,,,,
,LC3122,3,LGBB25224,3,,,LC3122,3
,,,,,,,,
,LC3719,4,LGBU25224,4,,,LC3719,4
,,,,,,,,
,LC3722,5,LGT25224,5,,,LC3722,5
,,,,,,,,
,,,LGW25224,6,,,,
,,,,,,,,
LC2522,LC1917,1,LGA25224,1,VSB242130-Newport,1,LC1917,1
,,,,,,,,
,LC2519,2,LGB25224,2,VSB2421345-Geneva,2,LC2519,2
,,,,,,,,
,LC3122,3,LGBB25224,3,,,LC3122,3
,,,,,,,,
,LC3719,4,LGBU25224,4,,,LC3719,4
,,,,,,,,
,LC3722,5,LGT25224,5,,,LC3722,5
,,,,,,,,
,,,LGW25224,6,,,,
,,,,,,,,
LC3122,LC1917,1,LGA31224,1,VSB302130-Cherryville,1,LC1917,1
,,,,,,,,
,LC2519,2,LGB31224,2,VSB3021345-Geneva,2,LC2519,2
,,,,,,,,
,LC2522,3,LGBB31224,3,,,LC2522,3
,,,,,,,,
,LC3719,4,LGBU31224,4,,,LC3719,4
,,,,,,,,
,LC3722,5,LGT31224,5,,,LC3722,5
,,,,,,,,
,,,LGW31224,6,,,,
,,,,,,,,
LC3719,LC1917,1,LGA37224,1,VSB362130-Newport,1,LC1917,1
,,,,,,,,
,LC2519,2,LGB37224,2,VSB3621345-Cherryville,2,LC2519,2
,,,,,,,,
,LC2522,3,LGBB37224,3,,,LC2522,3
,,,,,,,,
,LC3122,4,LGBU37224,4,,,LC3122,4
,,,,,,,,
,LC3722,5,LGT37224,5,,,LC3722,5
,,,,,,,,
,,,LGW37224,6,,,,
,,,,,,,,
LC3722,LC1917,1,LGA37224,1,VSB362130-Richmond,1,LC1917,1
,,,,,,,,
,LC2519,2,LGB37224,2,VSB3621345-Geneva,2,LC2519,2
,,,,,,,,
,LC2522,3,LGBB37224,3,,,LC2522,3
,,,,,,,,
,LC3122,4,LGBU37224,4,,,LC3122,4
,,,,,,,,
,LC3719,5,LGT37224,5,,,LC3719,5
,,,,,,,,
,,,LGW37224,6,,,,
